{
  "model": "wahadlo_odwrocone",
  "regulator": "regulator_p",
  "metoda": "ziegler_nichols",
  "parametry": {
    "Kp": 7.5,
    "Ti": null,
    "Td": null
  },
  "metryki": {
    "IAE": 0.020887876505348513,
    "ISE": 0.00016185864471416375,
    "ITAE": 0.034727485278433355,
    "przeregulowanie": 88.01637870425259,
    "czas_ustalania": 6.5,
    "czas_narastania": 0.07829558494508532
  },
  "progi": {
    "ts": 120.0,
    "IAE": 10.0,
    "Mp": 50.0
  },
  "PASS": false,
  "niezaliczone": [
    "przeregulowanie"
  ]
}