{
  "model": "zbiornik_1rz",
  "regulator": "regulator_pid",
  "metoda": "ziegler_nichols",
  "parametry": {
    "Kp": 9.0,
    "Ti": 2.0,
    "Td": 0.5
  },
  "metryki": {
    "IAE": 1.8630913152711126,
    "ISE": 0.6564300243814828,
    "ITAE": 6.24936009781572,
    "przeregulowanie": 25.50685137210176,
    "czas_ustalania": 12.15,
    "czas_narastania": 1.5479278225238062
  },
  "progi": {
    "ts": 120.0,
    "IAE": 50.0,
    "Mp": 15.0
  },
  "PASS": false,
  "niezaliczone": [
    "przeregulowanie"
  ]
}