{
  "model": "zbiornik_1rz",
  "regulator": "regulator_pi",
  "metoda": "siatka",
  "parametry": {
    "Kp": 0.1,
    "Ti": 30.0,
    "Td": null
  },
  "metryki": {
    "IAE": 10.128505109273643,
    "ISE": 4.415446253319964,
    "ITAE": 204.29927555412198,
    "przeregulowanie": 2.373826688394794,
    "czas_ustalania": 119.95,
    "czas_narastania": 18.474319539976925
  },
  "progi": {
    "ts": 120.0,
    "IAE": 50.0,
    "Mp": 15.0
  },
  "PASS": true,
  "niezaliczone": []
}