{
  "model": "dwa_zbiorniki",
  "regulator": "regulator_pd",
  "metoda": "optymalizacja",
  "parametry": {
    "Kp": 8.41,
    "Ti": null,
    "Td": 0.11
  },
  "metryki": {
    "IAE": 3.6273522853361584,
    "ISE": 1.8392143703814219,
    "ITAE": 16.156112308116647,
    "przeregulowanie": 28.314055487413945,
    "czas_ustalania": 19.55,
    "czas_narastania": 2.6058096951049876
  },
  "progi": {
    "ts": 120.0,
    "IAE": 80.0,
    "Mp": 20.0
  },
  "PASS": false,
  "niezaliczone": [
    "przeregulowanie"
  ]
}