{
  "model": "wahadlo_odwrocone",
  "regulator": "regulator_pd",
  "metoda": "optymalizacja",
  "parametry": {
    "Kp": 8.41,
    "Ti": null,
    "Td": 0.11
  },
  "metryki": {
    "IAE": 0.0018078892648624978,
    "ISE": 2.2601740081555236e-05,
    "ITAE": 0.0001195017349174948,
    "przeregulowanie": 0.16504993078515015,
    "czas_ustalania": 0.25,
    "czas_narastania": 0.1542056225317956
  },
  "progi": {
    "ts": 120.0,
    "IAE": 10.0,
    "Mp": 50.0
  },
  "PASS": true,
  "niezaliczone": []
}