{
  "model": "wahadlo_odwrocone",
  "regulator": "regulator_pid",
  "metoda": "ziegler_nichols",
  "parametry": {
    "Kp": 9.0,
    "Ti": 2.0,
    "Td": 0.5
  },
  "metryki": {
    "IAE": 0.013200690776494658,
    "ISE": 7.667724984009452e-05,
    "ITAE": 0.0239083872402038,
    "przeregulowanie": 11.467629677293248,
    "czas_ustalania": 5.66,
    "czas_narastania": 0.7408022636687596
  },
  "progi": {
    "ts": 120.0,
    "IAE": 10.0,
    "Mp": 50.0
  },
  "PASS": true,
  "niezaliczone": []
}