{
  "model": "wahadlo_odwrocone",
  "regulator": "regulator_pid",
  "metoda": "siatka",
  "parametry": {
    "Kp": 35.82,
    "Ti": 30.0,
    "Td": 0.05
  },
  "metryki": {
    "IAE": 0.00169245996710404,
    "ISE": 8.183011049764422e-06,
    "ITAE": 0.02796574545539099,
    "przeregulowanie": 0.17483514210303805,
    "czas_ustalania": 0.11,
    "czas_narastania": 0.06849942029879572
  },
  "progi": {
    "ts": 120.0,
    "IAE": 10.0,
    "Mp": 50.0
  },
  "PASS": true,
  "niezaliczone": []
}