{
  "model": "dwa_zbiorniki",
  "regulator": "regulator_pid",
  "metoda": "siatka",
  "parametry": {
    "Kp": 35.82,
    "Ti": 30.0,
    "Td": 0.05
  },
  "metryki": {
    "IAE": 3.4090771429527313,
    "ISE": 1.3725419743904224,
    "ITAE": 23.068183465307904,
    "przeregulowanie": 56.828632631103766,
    "czas_ustalania": 21.200000000000003,
    "czas_narastania": 1.0940103437511177
  },
  "progi": {
    "ts": 120.0,
    "IAE": 80.0,
    "Mp": 20.0
  },
  "PASS": false,
  "niezaliczone": [
    "przeregulowanie"
  ]
}