{
  "model": "dwa_zbiorniki",
  "regulator": "regulator_pi",
  "metoda": "ziegler_nichols",
  "parametry": {
    "Kp": 6.75,
    "Ti": 3.32,
    "Td": null
  },
  "metryki": {
    "IAE": 16.389340733638612,
    "ISE": 6.946116015159263,
    "ITAE": 381.1381884587662,
    "przeregulowanie": 83.49191169845756,
    "czas_ustalania": 95.10000000000001,
    "czas_narastania": 2.220770451792465
  },
  "progi": {
    "ts": 120.0,
    "IAE": 80.0,
    "Mp": 20.0
  },
  "PASS": false,
  "niezaliczone": [
    "przeregulowanie"
  ]
}