{
  "model": "dwa_zbiorniki",
  "regulator": "regulator_pid",
  "metoda": "optymalizacja",
  "parametry": {
    "Kp": 24.94,
    "Ti": 30.0,
    "Td": 0.06
  },
  "metryki": {
    "IAE": 3.6164896070039965,
    "ISE": 1.4795821010977084,
    "ITAE": 27.119542451809508,
    "przeregulowanie": 51.84839303765106,
    "czas_ustalania": 19.35,
    "czas_narastania": 1.3404454033567976
  },
  "progi": {
    "ts": 120.0,
    "IAE": 80.0,
    "Mp": 20.0
  },
  "PASS": false,
  "niezaliczone": [
    "przeregulowanie"
  ]
}