{
  "model": "dwa_zbiorniki",
  "regulator": "regulator_pd",
  "metoda": "siatka",
  "parametry": {
    "Kp": 35.87,
    "Ti": null,
    "Td": 0.05
  },
  "metryki": {
    "IAE": 3.006439395532982,
    "ISE": 1.2637692117634982,
    "ITAE": 13.484789941084783,
    "przeregulowanie": 52.631874272191325,
    "czas_ustalania": 18.05,
    "czas_narastania": 1.1102942900214035
  },
  "progi": {
    "ts": 120.0,
    "IAE": 80.0,
    "Mp": 20.0
  },
  "PASS": false,
  "niezaliczone": [
    "przeregulowanie"
  ]
}