{
  "najlepszy_regulator": "regulator_pid",
  "statystyki": {
    "regulator_pid": {
      "pass_percent": 66.66666666666667,
      "avg_IAE": 2.1117945469061246,
      "avg_ts": 12.450000000000001,
      "avg_Mp": 5.778057975803005
    }
  }
}