{
  "najlepszy_regulator": "regulator_pd",
  "statystyki": {
    "regulator_p": {
      "pass_percent": 55.55555555555556,
      "avg_IAE": 4.9624879556186885,
      "avg_ts": 19.933333333333334,
      "avg_Mp": 27.8175642790401
    },
    "regulator_pd": {
      "pass_percent": 77.77777777777777,
      "avg_IAE": 1.3803076289521141,
      "avg_ts": 7.325555555555556,
      "avg_Mp": 11.154579257310667
    },
    "regulator_pi": {
      "pass_percent": 44.44444444444444,
      "avg_IAE": 7.069933825513719,
      "avg_ts": 67.4588888888889,
      "avg_Mp": 37.280825094515826
    },
    "regulator_pid": {
      "pass_percent": 55.55555555555556,
      "avg_IAE": 4.831569861297554,
      "avg_ts": 22.63888888888889,
      "avg_Mp": 25.67923849795043
    }
  }
}