{
  "model": "zbiornik_1rz",
  "regulator": "regulator_pid",
  "metoda": "optymalizacja",
  "parametry": {
    "Kp": 30.0,
    "Ti": 50.0,
    "Td": 0.1
  },
  "metryki": {
    "IAE": 0.7014821483618418,
    "ISE": 0.14853581152213544,
    "ITAE": 14.903057011344117,
    "przeregulowanie": 0.9037507648170349,
    "czas_ustalania": 1.5,
    "czas_narastania": 0.8740617643360155
  },
  "progi": {
    "IAE_max": 20.0,
    "przeregulowanie_max": 50.0,
    "czas_ustalania_max": 100.0
  },
  "PASS": true,
  "niezaliczone": []
}