{
  "model": "zbiornik_1rz",
  "regulator": "regulator_pid",
  "metoda": "siatka",
  "parametry": {
    "Kp": 8.0,
    "Ti": 30.0,
    "Td": 0.1
  },
  "metryki": {
    "IAE": 2.0870937320956857,
    "ISE": 0.5385639054544926,
    "ITAE": 37.50601422788394,
    "przeregulowanie": 3.108987565997016,
    "czas_ustalania": 23.900000000000002,
    "czas_narastania": 2.3480093068959396
  },
  "progi": {
    "ts": 120.0,
    "IAE": 50.0,
    "Mp": 15.0
  },
  "PASS": true,
  "niezaliczone": []
}