{
  "zbiornik_1rz": {
    "regulator": "regulator_pd",
    "metoda": "siatka",
    "parametry": {
      "regulator": "regulator_pd",
      "metoda": "siatka",
      "parametry": {
        "Kp": 8.0,
        "Ti": null,
        "Td": 0.1
      }
    },
    "metryki": {
      "IAE": 0.24947585062383756,
      "ISE": 0.10278595487519611,
      "ITAE": 0.07550366561609308,
      "przeregulowanie": 0.0,
      "czas_ustalania": 1.2000000000000002,
      "czas_narastania": 0.6673431037990779
    }
  },
  "dwa_zbiorniki": {
    "regulator": "regulator_pd",
    "metoda": "ziegler_nichols",
    "parametry": {
      "regulator": "regulator_pd",
      "metoda": "ziegler_nichols",
      "parametry": {
        "Kp": 1.2,
        "Ti": null,
        "Td": 3.12
      }
    },
    "metryki": {
      "IAE": 3.0647047552808995,
      "ISE": 1.7014498816839523,
      "ITAE": 10.171201502258942,
      "przeregulowanie": 19.280233625405582,
      "czas_ustalania": 14.65,
      "czas_narastania": 2.7788406438543953
    }
  },
  "wahadlo_odwrocone": {
    "regulator": "regulator_pd",
    "metoda": "siatka",
    "parametry": {
      "regulator": "regulator_pd",
      "metoda": "siatka",
      "parametry": {
        "Kp": 8.0,
        "Ti": null,
        "Td": 0.1
      }
    },
    "metryki": {
      "IAE": 0.0007133130509402729,
      "ISE": 8.166417806874465e-06,
      "ITAE": 2.026721321586376e-05,
      "przeregulowanie": 0.0,
      "czas_ustalania": 0.11,
      "czas_narastania": 0.06872245819880354
    }
  }
}