{
  "plant": {
    "K": 1.0,
    "tau": 30.0
  },
  "pid": {
    "kp": 1.0,
    "ti": 30.0,
    "td": 0.0,
    "n": 10.0,
    "umin": 0.0,
    "umax": 1.0,
    "kaw": 1.0
  },
  "sim": {
    "dt": 0.05,
    "T": 60.0,
    "r_final": 1.0
  },
  "metrics": {
    "rise_time": NaN,
    "settling_time": 60.0,
    "overshoot_pct": 0.0,
    "iae": 25.923285497539283,
    "ise": 14.69751583570771
  }
}